path,sha256,width,height,offset_x,offset_y
sprites/caelum/first_person/v1/axe/F061A0.png,008f85159b0b5b98be3574e03a1d040579e5a393f724c7ad051195859a1eeced,320,200,160,32
sprites/caelum/first_person/v1/axe/F062A0.png,7807ae3c36f62e937de825c1fb1b617379d5b6c93224c10ccc9935b18d14dfe4,320,200,160,32
sprites/caelum/first_person/v1/axe/F063A0.png,ff111e6013848849ad139ee0be135a6eb0acae717829ffbf57b02507c8e63e70,320,200,160,32
sprites/caelum/first_person/v1/bell/F141A0.png,1dce36740c26fe6b6470abad572acce6ba1eb70e68008bb05624cf6b535f4dde,320,200,160,32
sprites/caelum/first_person/v1/bell/F142A0.png,4a7013a2d5ca6dcfcda6610160d42d951dbab9d319cf1aa35c510419c8379a2d,320,200,160,32
sprites/caelum/first_person/v1/bell/F143A0.png,bfdee6cf1aeaf78760a7306e488565b9cd5612818b97b7bcc01f0d21609dc619,320,200,160,32
sprites/caelum/first_person/v1/book/F151A0.png,96e1241107502167190f3998badb444ddc7bdcc287ee9ff500a8f6fec1d3c67f,320,200,160,32
sprites/caelum/first_person/v1/book/F151B0.png,9b4da1810ee733c40e8386b6e4313508cc6bac1b34f5d39e5bfdd9024ec8807b,320,200,160,32
sprites/caelum/first_person/v1/book/F152A0.png,59be38346bbe6e97ee4deef35cb97eb1770b93f861ba4b70bff663135aa19209,320,200,160,32
sprites/caelum/first_person/v1/book/F152B0.png,ef533307ed7dbf5748388a61888dce21f57ef2268f2c8d5a3cd72a0814f51104,320,200,160,32
sprites/caelum/first_person/v1/book/F153A0.png,6ded57e6af7264f24352e2eaeeceef36b02c1e79b9ac08f0d5b17be37bd3d7ef,320,200,160,32
sprites/caelum/first_person/v1/book/F153B0.png,e7b960b38116b0f8063d2e3c900ee50bd6caf901517a61734513f16f80428c52,320,200,160,32
sprites/caelum/first_person/v1/carbine/F191A0.png,c5061b7d73132298b63bb81de6b2edc2d9ae7d25d385764407014552c43d1133,320,200,160,32
sprites/caelum/first_person/v1/carbine/F191B0.png,d13cc4f4378c9d460d4bb1c7eb50ae2bba939cc1730f7f33bdf2c7dda556f862,320,200,160,32
sprites/caelum/first_person/v1/carbine/F191C0.png,196f70813447b2a874d55ad951193b3272679b5a5c693f46bc7c6a4d930639e8,320,200,160,32
sprites/caelum/first_person/v1/carbine/F192A0.png,6a511a6a6b8b859cf60b98577f4ecc8a7be49b1237983f489487cf00be51aeb2,320,200,160,32
sprites/caelum/first_person/v1/carbine/F192B0.png,286bde23a31726d6ce405cb262e70ab7a33f2db49f488ad79771e13488a7d13d,320,200,160,32
sprites/caelum/first_person/v1/carbine/F192C0.png,577b1b055cf5d3a7c37e96e6527d2d535a27af773118bd4c72ac44de2b03d730,320,200,160,32
sprites/caelum/first_person/v1/carbine/F193A0.png,bac94043e713f3a88b97f05d6858161d2c799a585f71a03330c75a8f99dffe58,320,200,160,32
sprites/caelum/first_person/v1/carbine/F193B0.png,32f2bc39e8da4e9d3dbcddfc599e91fd28bb0f3ad1b5dff4e4aa696179f8fded,320,200,160,32
sprites/caelum/first_person/v1/carbine/F193C0.png,6f2b5f64fe28380bc7f75e91e2a61a1ced047b76fed38d5a24a06e0568350abb,320,200,160,32
sprites/caelum/first_person/v1/crossbow/F181A0.png,1aa38a0071f7a0ecd8b360723e031a4b4531390b4d663574344056343a1b01ca,320,200,160,32
sprites/caelum/first_person/v1/crossbow/F181B0.png,a34b2b70073749be62419686fd893cdb852fee9c01a4150eff21150bfbb4d705,320,200,160,32
sprites/caelum/first_person/v1/crossbow/F181C0.png,909c7f7b1fbc328d2caf2e6dc7d20f375f0afda1fa9030cd11a9382fccb69a22,320,200,160,32
sprites/caelum/first_person/v1/crossbow/F182A0.png,7954e329129242c8f88676cbe689d150aa308ff4c2f0271b4ea7eb713ae7ecd4,320,200,160,32
sprites/caelum/first_person/v1/crossbow/F182B0.png,0e2cbd9701d3f815809cb89692b6bc2cc2b728b9f32fcf913c766a346ef100fb,320,200,160,32
sprites/caelum/first_person/v1/crossbow/F182C0.png,b3ce06f67b0b9d718d7a8c7bf823701306d9152a20e4e9c2b2e1f9cbcd8fcdc3,320,200,160,32
sprites/caelum/first_person/v1/crossbow/F183A0.png,e03d12c0ba8395bd1a5ec748d1683c554b17b9b3bf3159e38b905c3c3e35c6c9,320,200,160,32
sprites/caelum/first_person/v1/crossbow/F183B0.png,92fe9188ea6698e955ca2827f32140fe9a2ee7f056a6df21d8f01b457ef7ced8,320,200,160,32
sprites/caelum/first_person/v1/crossbow/F183C0.png,1f20ba54ac1a6f78b4f3ec477f0d82c89c18efb288661062b01b0caa943b2332,320,200,160,32
sprites/caelum/first_person/v1/dagger/F011A0.png,99e3064afd385ce3867ba65d045e604339cf487c1b6c96efc83eb6b49ee525b2,320,200,160,32
sprites/caelum/first_person/v1/dagger/F012A0.png,1df4bfc3bfb47f04d4f79789c3eec12e86bcdc59a8c7d2aea6bea071ca5d5bb6,320,200,160,32
sprites/caelum/first_person/v1/dagger/F013A0.png,de23324738763b243093b0b55df31494800d7076cfab05112d064b80f6eba638,320,200,160,32
sprites/caelum/first_person/v1/flail/F071A0.png,0795357e141331267c7ae41994bae7a1966c1a32356f8032e6857efe60ed7d42,320,200,160,32
sprites/caelum/first_person/v1/flail/F072A0.png,8039cb62c0af5ea64a31a960dde37b1a6ccd4ced609c09622b44b37bc302d87a,320,200,160,32
sprites/caelum/first_person/v1/flail/F073A0.png,f6b55aaec586f390aecbf443188c53e820533c46fa749780919bc40459625843,320,200,160,32
sprites/caelum/first_person/v1/giant_gauntlets/F201A0.png,a488020b5f577d8bf39802c814e818847e03bf43c762cb9a2f1ee27e5f0ce8eb,320,200,160,32
sprites/caelum/first_person/v1/giant_gauntlets/F201B0.png,6eb335fb48679477f81b7fb95d629db311a7928d8e2b7eb9dcad6a4dcd24aa51,320,200,160,32
sprites/caelum/first_person/v1/giant_gauntlets/F201C0.png,bc1f4b044b95ba747db823f5acb352db6af732d657ab5a594f7d0df09efe0733,320,200,160,32
sprites/caelum/first_person/v1/giant_gauntlets/F202A0.png,8dfd506cc7d4070e94bb950b22eaf6e0fb31345479bac6b2bb671c136795367e,320,200,160,32
sprites/caelum/first_person/v1/giant_gauntlets/F202B0.png,ba957d1685658109ab3facab536f88719649e2427b235d982dad0c2f4751aea5,320,200,160,32
sprites/caelum/first_person/v1/giant_gauntlets/F202C0.png,35af0ac067db03df224c9d9c06a9e66dddca7b7c5ee7da35471b819e31ca81c8,320,200,160,32
sprites/caelum/first_person/v1/giant_gauntlets/F203A0.png,438176bd7ad95e6de5c6e4da88b9051f8d1d433b0550d6bcc9b8f4ea2eafc522,320,200,160,32
sprites/caelum/first_person/v1/giant_gauntlets/F203B0.png,1f07293dc46efb400005f3ccb808d354903bebb00114c509dd8fb539e917fb54,320,200,160,32
sprites/caelum/first_person/v1/giant_gauntlets/F203C0.png,a5904009218bd2cfe77be22e5a9d6553f5a24019bffa1ba6bbc44d6ee521396a,320,200,160,32
sprites/caelum/first_person/v1/greatsword/F091A0.png,de7122005f853b8d57df8578f15e8d7cd62ac36dcd3dc0625427993cecc58d32,320,200,160,32
sprites/caelum/first_person/v1/greatsword/F092A0.png,19f86c552ea795dd778d49ae22ca2eccc073df1913346d06244835d7cfdbedc0,320,200,160,32
sprites/caelum/first_person/v1/greatsword/F093A0.png,285054f39bca21dc7cb31d326504e5f28d8eb5f9c634e6091bf1ecfc017c329e,320,200,160,32
sprites/caelum/first_person/v1/halberd/F111A0.png,0ea557abcfa1f08043b75ce16fdab87ec623ee5eaebe4f8f9101b85568710bed,320,200,160,32
sprites/caelum/first_person/v1/halberd/F112A0.png,f9e63a32de26ec14269607e01a37522f77b807faeddd8cf823cda772cb91b0ec,320,200,160,32
sprites/caelum/first_person/v1/halberd/F113A0.png,8c83aaf2670fa6f7d0ac768c9f4616ff61a5b87774f402ee298d39eb95ba62cd,320,200,160,32
sprites/caelum/first_person/v1/hands/FH00A0.png,c91f9efe3157732e00f19d5a59b4551140f1ca0a444dc81afed5ee7c96843f3d,320,200,160,32
sprites/caelum/first_person/v1/hands/FH01A0.png,64e7ec2168408769db8b4602b2d8c0538018ea68d6913df317af01ed2bfda472,320,200,160,32
sprites/caelum/first_person/v1/hands/FH02A0.png,8331f3b2bdc643164d1ffd62532bc7329356a07f8ca88ad489040425c6c13ea3,320,200,160,32
sprites/caelum/first_person/v1/hands/FH03A0.png,a9d3559bffa221bd8f11a32141802a782ed848b3bb7aefe5e2b6140fe82e5215,320,200,160,32
sprites/caelum/first_person/v1/hands/FH04A0.png,0e2ed5a32eb087fc18ca8b56da023e4a51dc6caf4b53105fba87c0b174bb72c5,320,200,160,32
sprites/caelum/first_person/v1/hands/FH05A0.png,1f23dca290a6807f668f5def7e986144502e6bcae516fb9d8e7414dc1975d3f3,320,200,160,32
sprites/caelum/first_person/v1/hands/FH06A0.png,ec1909352f5135bab88b56b0b2e7186e26e3c6c9a00498f0e472107e71ac9295,320,200,160,32
sprites/caelum/first_person/v1/hands/FH07A0.png,5bb4329d2bd52cebfc77013b0071308a0a7e028845fffa385ca0354a62f475cd,320,200,160,32
sprites/caelum/first_person/v1/hatchet/F021A0.png,e91a7d3a9a3c64988e28683e56db8c65799406ef50746fcd1bce22b5f42f87d2,320,200,160,32
sprites/caelum/first_person/v1/hatchet/F022A0.png,6f9270d9a125148510487995493e242e3165414fa056c810f1a8890389b246ab,320,200,160,32
sprites/caelum/first_person/v1/hatchet/F023A0.png,391b206b85fe67e5d735bfed3596fdfe71c35f367206de680eb3996114bf7d6e,320,200,160,32
sprites/caelum/first_person/v1/javelin/F041A0.png,02c8c3b37cdb6afa655eb8a93822e0a3aaa0ee1ba7180a60771f6c5c7327e1ac,320,200,160,32
sprites/caelum/first_person/v1/javelin/F042A0.png,ba375aa1007e4f9a910549e81146c2d61c700ff7ab9caec12235c411532ce952,320,200,160,32
sprites/caelum/first_person/v1/javelin/F043A0.png,9f095f56a9efd8e698aa80006d902e8cf928a9722aace96aa91814d41e797bd7,320,200,160,32
sprites/caelum/first_person/v1/longbow/F171A0.png,5dc103963108f473970d508ec61eb0e074860c180a2f14a1875dab88c49cf723,320,200,160,32
sprites/caelum/first_person/v1/longbow/F171B0.png,b45720b3167760ba6bf7790941014725bcc059ca0c17399204c144d10cfd7a66,320,200,160,32
sprites/caelum/first_person/v1/longbow/F171C0.png,49033d0ed41401af720222cb6e0e6aed4332b4a350d2b0fea2ea3955313a36cc,320,200,160,32
sprites/caelum/first_person/v1/longbow/F172A0.png,ea24da97b333826728503b9c1b5ef9c69a4e80ae6bfc8408a8a52190b797d188,320,200,160,32
sprites/caelum/first_person/v1/longbow/F172B0.png,b34a62fb6b6a70a569abb92bafc6eefc49a0d5c756edfedac1e4f1b2bf8f8784,320,200,160,32
sprites/caelum/first_person/v1/longbow/F172C0.png,5740031fd4e2c0c24dbc68aef73ccffad83790d92c0a2999dc714c54602b1a9d,320,200,160,32
sprites/caelum/first_person/v1/longbow/F173A0.png,aecb562586a26296cf020517911ab7f59fe39f3f8e2f292a4ea9cdce6509a191,320,200,160,32
sprites/caelum/first_person/v1/longbow/F173B0.png,c94bf89444310776864c1467f5eb2f994aeac87bd088c70953cbac75817f6ebd,320,200,160,32
sprites/caelum/first_person/v1/longbow/F173C0.png,25fbfe434ebef6be35ac8f47de11702714fb5e5fe7e4f598a9ab7ee010aa7fec,320,200,160,32
sprites/caelum/first_person/v1/machete/F031A0.png,15c07eeb70609673b3497d5670edfaf3c9749f8f1b38fa7e4e6fabb766faf24b,320,200,160,32
sprites/caelum/first_person/v1/machete/F032A0.png,31ad9926a5fb1a8642523f125c1a58f01b7a007ec7a010df8d92a74223a394f8,320,200,160,32
sprites/caelum/first_person/v1/machete/F033A0.png,3edf0b1f7beacf521d5abd63dbbd7badbd2b3fd0bdfa8a6acbc681663b6f3381,320,200,160,32
sprites/caelum/first_person/v1/spear/F081A0.png,e99de74346e8b54a0b6d3521ce453d54641bc37ce979ed6d2cdea5eeb19dc012,320,200,160,32
sprites/caelum/first_person/v1/spear/F082A0.png,401c1ac6beaf622fa39f725a7203203f5b0c6113bcc95110f3b1397af163217b,320,200,160,32
sprites/caelum/first_person/v1/spear/F083A0.png,ae5ae33c60710e5e9c7ab6536cd67d234826aece6c4d4283c3c196efda757841,320,200,160,32
sprites/caelum/first_person/v1/staff/F121A0.png,1a34bc109c9dd3d48ee23f34439f0103b44c27a5f6d1902391c1c97f566cf7ea,320,200,160,32
sprites/caelum/first_person/v1/staff/F122A0.png,858a398c5056a2101eec037e03778369c98fd480497f60b57726063058ef1e70,320,200,160,32
sprites/caelum/first_person/v1/staff/F123A0.png,8fc6f41ffa7e5308e7bc4ee3c0730df44ca2d28512d78d08ab134a026b72236c,320,200,160,32
sprites/caelum/first_person/v1/standard_bow/F161A0.png,a4fe4e934ee2af716ae881bde2583073922ed795bd9638bce4b3ff8261f4d86a,320,200,160,32
sprites/caelum/first_person/v1/standard_bow/F161B0.png,57d5b05661f8daf668049c41014496c97cdd5e3a3abda7e006ff1f6831366b92,320,200,160,32
sprites/caelum/first_person/v1/standard_bow/F161C0.png,da0857617d0a3e75166d4ed19490c8786a19792419b5d4a1bdbefae716a4fb4d,320,200,160,32
sprites/caelum/first_person/v1/standard_bow/F162A0.png,b4f34a6fd9820cbeb5b8ca374d9532d8aa1e7c6742207139a4d8df5b593affc7,320,200,160,32
sprites/caelum/first_person/v1/standard_bow/F162B0.png,f40f02266713328d4cfe24c6f9e29474e9fc37e758c29aced3c21652a07213fc,320,200,160,32
sprites/caelum/first_person/v1/standard_bow/F162C0.png,d85bbc092a8dfaf97c062d3a70c93eecfa09749a51daf2bb83e1d8bb618e1adc,320,200,160,32
sprites/caelum/first_person/v1/standard_bow/F163A0.png,843930b8cc406914fbdb8ca9a5cdf22ce5825ad178c8480424ee9e3066f64ef0,320,200,160,32
sprites/caelum/first_person/v1/standard_bow/F163B0.png,ff0a151e39f82eb092235c12871b97551ccd4da408ab016fde98953007722723,320,200,160,32
sprites/caelum/first_person/v1/standard_bow/F163C0.png,9cdacf054cc3c3093029ecceaed251f78f0145b8c119ba229616557745caa6fc,320,200,160,32
sprites/caelum/first_person/v1/statuette/F131A0.png,a8df5e440acd50cb4a95fe76010c4224d6094092b3866f0edb04c8e81d93af06,320,200,160,32
sprites/caelum/first_person/v1/statuette/F132A0.png,bc72bb58ad2084ad22e36d80c32fb89e3735f89ab715ba79078898485eff1f4b,320,200,160,32
sprites/caelum/first_person/v1/statuette/F133A0.png,2daba0e62a264117ec359227e2d8ac979a827d262ca58d64ae97d5e8865956d2,320,200,160,32
sprites/caelum/first_person/v1/sword/F051A0.png,a594f8efd0ce8b8fa671f79d694af24a7ac727edf2f0305ab64d00ebc455a03d,320,200,160,32
sprites/caelum/first_person/v1/sword/F052A0.png,3bd84f7f24102bb1d03881d1c9fa05baf421ce103d6ea08b26951b78fa2c61f3,320,200,160,32
sprites/caelum/first_person/v1/sword/F053A0.png,c181d6aed905561f679ba60be75aee7dbdf92ee8af973d09302b1540472a685f,320,200,160,32
sprites/caelum/first_person/v1/war_axe/F101A0.png,313d094761360020c7354477a9a6acc0d5f21477888522196d93f5184039180d,320,200,160,32
sprites/caelum/first_person/v1/war_axe/F102A0.png,58e4a0bfbe068bba5f9a1224cc1776b8b88861df04df3c6f893e7a9fe4c0e934,320,200,160,32
sprites/caelum/first_person/v1/war_axe/F103A0.png,5fd816cb21b2d036afdee8b3dd56e5daaa10a210b4f2af918b5381013706f7f6,320,200,160,32
